comment_id,comment_text,category
1,The amendment addresses long-standing issues in corporate governance.,positive
2,Good initiative — it reduces the burden of repetitive compliance.,positive
3,Suggest extending the implementation deadline by 6 months.,suggestion
4,Include sector-specific guidelines for better clarity.,suggestion
5,Request extension of the consultation period for wider participation.,neutral
6,Add a provision for online grievance redressal.,suggestion
7,The language used in the amendment is confusing and ambiguous.,negative
8,More clarification is needed on how clause 7 will be implemented.,neutral
9,This will discourage foreign investment due to added regulations.,negative
10,The draft does not mention implementation monitoring.,neutral
11,The language used in the amendment is confusing and ambiguous.,negative
12,The draft is clear but requires a detailed explanation of penalties.,neutral
13,This draft is forward-looking and progressive.,positive
14,Would like more data on international comparison of such amendments.,neutral
15,The draft is clear but requires a detailed explanation of penalties.,neutral
16,The draft does not mention implementation monitoring.,neutral
17,Introduce exemptions for early-stage startups.,suggestion
18,This draft undermines ease of doing business in India.,negative
19,Provide an option for electronic signatures.,suggestion
20,Recommend simplification of reporting formats.,suggestion
21,The proposed change will reduce ambiguity in company law.,positive
22,The proposed change will reduce ambiguity in company law.,positive
23,Kindly provide examples to illustrate the practical application.,neutral
24,Request extension of the consultation period for wider participation.,neutral
25,This will discourage foreign investment due to added regulations.,negative
26,Suggest extending the implementation deadline by 6 months.,suggestion
27,The draft is clear but requires a detailed explanation of penalties.,neutral
28,I strongly support this amendment as it simplifies corporate compliance.,positive
29,This change is unnecessary and should be reconsidered.,negative
30,The proposed rules will streamline regulatory filings.,positive
31,Good initiative — it reduces the burden of repetitive compliance.,positive
32,Consider including digital compliance mechanisms in the draft.,suggestion
33,The draft is too complex and difficult to interpret.,negative
34,The draft does not mention implementation monitoring.,neutral
35,Introduce exemptions for early-stage startups.,suggestion
36,The draft is clear but requires a detailed explanation of penalties.,neutral
37,Suggest extending the implementation deadline by 6 months.,suggestion
38,This draft is a welcome move and aligns with international best practices.,positive
39,Request extension of the consultation period for wider participation.,neutral
40,Recommend stakeholder workshops before finalizing the draft.,suggestion
41,This will improve transparency in financial disclosures.,positive
42,Introduce exemptions for early-stage startups.,suggestion
43,More clarification is needed on how clause 7 will be implemented.,neutral
44,More clarification is needed on how clause 7 will be implemented.,neutral
45,This will improve transparency in financial disclosures.,positive
46,The provision will greatly benefit small and medium enterprises.,positive
47,I strongly support this amendment as it simplifies corporate compliance.,positive
48,More clarification is needed on how clause 7 will be implemented.,neutral
49,Consider including digital compliance mechanisms in the draft.,suggestion
50,This proposal will create unnecessary hurdles for startups.,negative
51,This draft is a welcome move and aligns with international best practices.,positive
52,The amendment adds paperwork without solving real issues.,negative
53,The draft does not mention implementation monitoring.,neutral
54,The draft ignores key stakeholder concerns.,negative
55,This change is unnecessary and should be reconsidered.,negative
56,Provide an option for electronic signatures.,suggestion
57,Request extension of the consultation period for wider participation.,neutral
58,Provide an option for electronic signatures.,suggestion
59,This proposal will create unnecessary hurdles for startups.,negative
60,I appreciate the clarity brought in clause 5 of the amendment.,positive
61,This proposal will create unnecessary hurdles for startups.,negative
62,This will discourage foreign investment due to added regulations.,negative
63,Please specify the definition of 'large enterprise' in this context.,neutral
64,The proposed change will reduce ambiguity in company law.,positive
65,I appreciate the clarity brought in clause 5 of the amendment.,positive
66,Add a provision for online grievance redressal.,suggestion
67,The draft does not mention implementation monitoring.,neutral
68,Recommend stakeholder workshops before finalizing the draft.,suggestion
69,Would like more data on international comparison of such amendments.,neutral
70,The implementation timeline suggested is unrealistic.,negative
71,Unclear how this amendment interacts with previous circulars.,neutral
72,Request extension of the consultation period for wider participation.,neutral
73,It would be better to reduce filing frequency for SMEs.,suggestion
74,Introduce exemptions for early-stage startups.,suggestion
75,Suggest reducing penalties for first-time non-compliance.,suggestion
76,This will discourage foreign investment due to added regulations.,negative
77,Suggest reducing penalties for first-time non-compliance.,suggestion
78,Introduce exemptions for early-stage startups.,suggestion
79,It would be better to reduce filing frequency for SMEs.,suggestion
80,The proposed change will reduce ambiguity in company law.,positive
81,The proposed change will reduce ambiguity in company law.,positive
82,The draft should include FAQs for common queries.,neutral
83,Suggest reducing penalties for first-time non-compliance.,suggestion
84,Add a provision for online grievance redressal.,suggestion
85,Include sector-specific guidelines for better clarity.,suggestion
86,The draft ignores key stakeholder concerns.,negative
87,This change is unnecessary and should be reconsidered.,negative
88,This draft is a welcome move and aligns with international best practices.,positive
89,The draft ignores key stakeholder concerns.,negative
90,Consider including digital compliance mechanisms in the draft.,suggestion
91,Recommend simplification of reporting formats.,suggestion
92,More clarification is needed on how clause 7 will be implemented.,neutral
93,The draft should include FAQs for common queries.,neutral
94,Suggest reducing penalties for first-time non-compliance.,suggestion
95,Please explain the appeal process outlined in clause 3.,neutral
96,This will discourage foreign investment due to added regulations.,negative
97,The language used in the amendment is confusing and ambiguous.,negative
98,Please specify the definition of 'large enterprise' in this context.,neutral
99,This amendment increases compliance costs for small businesses.,negative
100,Please specify the definition of 'large enterprise' in this context.,neutral
101,Unclear how this amendment interacts with previous circulars.,neutral
102,The draft is too complex and difficult to interpret.,negative
103,It would be better to reduce filing frequency for SMEs.,suggestion
104,The proposed change will reduce ambiguity in company law.,positive
105,Request extension of the consultation period for wider participation.,neutral
106,I strongly support this amendment as it simplifies corporate compliance.,positive
107,Good initiative — it reduces the burden of repetitive compliance.,positive
108,Introduce exemptions for early-stage startups.,suggestion
109,Request extension of the consultation period for wider participation.,neutral
110,It would be better to reduce filing frequency for SMEs.,suggestion
111,Suggest extending the implementation deadline by 6 months.,suggestion
112,The provision will greatly benefit small and medium enterprises.,positive
113,Please specify the definition of 'large enterprise' in this context.,neutral
114,The draft ignores key stakeholder concerns.,negative
115,Provide an option for electronic signatures.,suggestion
116,Unclear how this amendment interacts with previous circulars.,neutral
117,I strongly support this amendment as it simplifies corporate compliance.,positive
118,I appreciate the clarity brought in clause 5 of the amendment.,positive
119,The proposed change will reduce ambiguity in company law.,positive
120,Include sector-specific guidelines for better clarity.,suggestion
121,Suggest reducing penalties for first-time non-compliance.,suggestion
122,This will improve transparency in financial disclosures.,positive
123,Recommend simplification of reporting formats.,suggestion
124,Consider including digital compliance mechanisms in the draft.,suggestion
125,Include sector-specific guidelines for better clarity.,suggestion
126,Good initiative — it reduces the burden of repetitive compliance.,positive
127,This draft is forward-looking and progressive.,positive
128,Introduce exemptions for early-stage startups.,suggestion
129,Would like more data on international comparison of such amendments.,neutral
130,Please specify the definition of 'large enterprise' in this context.,neutral
131,The amendment adds paperwork without solving real issues.,negative
132,The draft ignores key stakeholder concerns.,negative
133,Kindly provide examples to illustrate the practical application.,neutral
134,This draft undermines ease of doing business in India.,negative
135,Please specify the definition of 'large enterprise' in this context.,neutral
136,The implementation timeline suggested is unrealistic.,negative
137,Provide an option for electronic signatures.,suggestion
138,Consider including digital compliance mechanisms in the draft.,suggestion
139,The draft is clear but requires a detailed explanation of penalties.,neutral
140,Introduce exemptions for early-stage startups.,suggestion
141,The draft is clear but requires a detailed explanation of penalties.,neutral
142,I appreciate the clarity brought in clause 5 of the amendment.,positive
143,It would be better to reduce filing frequency for SMEs.,suggestion
144,The draft is too complex and difficult to interpret.,negative
145,The amendment adds paperwork without solving real issues.,negative
146,I appreciate the clarity brought in clause 5 of the amendment.,positive
147,The draft is too complex and difficult to interpret.,negative
148,Please specify the definition of 'large enterprise' in this context.,neutral
149,Introduce exemptions for early-stage startups.,suggestion
150,The provision will greatly benefit small and medium enterprises.,positive
151,The draft should include FAQs for common queries.,neutral
152,I appreciate the clarity brought in clause 5 of the amendment.,positive
153,The draft does not mention implementation monitoring.,neutral
154,This proposal will create unnecessary hurdles for startups.,negative
155,The amendment adds paperwork without solving real issues.,negative
156,The draft is too complex and difficult to interpret.,negative
157,The amendment addresses long-standing issues in corporate governance.,positive
158,The draft should include FAQs for common queries.,neutral
159,The proposed rules will streamline regulatory filings.,positive
160,The amendment addresses long-standing issues in corporate governance.,positive
161,The language used in the amendment is confusing and ambiguous.,negative
162,This amendment increases compliance costs for small businesses.,negative
163,The amendment adds paperwork without solving real issues.,negative
164,Good initiative — it reduces the burden of repetitive compliance.,positive
165,Recommend stakeholder workshops before finalizing the draft.,suggestion
166,Unclear how this amendment interacts with previous circulars.,neutral
167,Request extension of the consultation period for wider participation.,neutral
168,The provision will greatly benefit small and medium enterprises.,positive
169,This draft is forward-looking and progressive.,positive
170,Please specify the definition of 'large enterprise' in this context.,neutral
171,I appreciate the clarity brought in clause 5 of the amendment.,positive
172,I appreciate the clarity brought in clause 5 of the amendment.,positive
173,This proposal will create unnecessary hurdles for startups.,negative
174,Include sector-specific guidelines for better clarity.,suggestion
175,Consider including digital compliance mechanisms in the draft.,suggestion
176,Unclear how this amendment interacts with previous circulars.,neutral
177,This will improve transparency in financial disclosures.,positive
178,The draft should include FAQs for common queries.,neutral
179,It would be better to reduce filing frequency for SMEs.,suggestion
180,Include sector-specific guidelines for better clarity.,suggestion
181,Consider including digital compliance mechanisms in the draft.,suggestion
182,Provide an option for electronic signatures.,suggestion
183,The draft is too complex and difficult to interpret.,negative
184,Unclear how this amendment interacts with previous circulars.,neutral
185,Introduce exemptions for early-stage startups.,suggestion
186,This draft is forward-looking and progressive.,positive
187,This draft is forward-looking and progressive.,positive
188,Include sector-specific guidelines for better clarity.,suggestion
189,The proposed rules will streamline regulatory filings.,positive
190,The proposed rules will streamline regulatory filings.,positive
191,This will improve transparency in financial disclosures.,positive
192,The proposed rules will streamline regulatory filings.,positive
193,The proposed change will reduce ambiguity in company law.,positive
194,The draft ignores key stakeholder concerns.,negative
195,This amendment increases compliance costs for small businesses.,negative
196,Add a provision for online grievance redressal.,suggestion
197,Unclear how this amendment interacts with previous circulars.,neutral
198,The language used in the amendment is confusing and ambiguous.,negative
199,This will discourage foreign investment due to added regulations.,negative
200,This draft is a welcome move and aligns with international best practices.,positive
201,The implementation timeline suggested is unrealistic.,negative
202,More clarification is needed on how clause 7 will be implemented.,neutral
203,Include sector-specific guidelines for better clarity.,suggestion
204,The proposed rules will streamline regulatory filings.,positive
205,I appreciate the clarity brought in clause 5 of the amendment.,positive
206,I appreciate the clarity brought in clause 5 of the amendment.,positive
207,Please explain the appeal process outlined in clause 3.,neutral
208,Recommend simplification of reporting formats.,suggestion
209,The draft ignores key stakeholder concerns.,negative
210,Recommend stakeholder workshops before finalizing the draft.,suggestion
211,The draft ignores key stakeholder concerns.,negative
212,The implementation timeline suggested is unrealistic.,negative
213,The language used in the amendment is confusing and ambiguous.,negative
214,The provision will greatly benefit small and medium enterprises.,positive
215,It would be better to reduce filing frequency for SMEs.,suggestion
216,This will improve transparency in financial disclosures.,positive
217,This draft is forward-looking and progressive.,positive
218,Good initiative — it reduces the burden of repetitive compliance.,positive
219,This amendment increases compliance costs for small businesses.,negative
220,This draft is a welcome move and aligns with international best practices.,positive
221,Introduce exemptions for early-stage startups.,suggestion
222,This draft is forward-looking and progressive.,positive
223,The draft ignores key stakeholder concerns.,negative
224,Suggest reducing penalties for first-time non-compliance.,suggestion
225,This will discourage foreign investment due to added regulations.,negative
226,The amendment adds paperwork without solving real issues.,negative
227,The draft ignores key stakeholder concerns.,negative
228,Add a provision for online grievance redressal.,suggestion
229,The amendment adds paperwork without solving real issues.,negative
230,The proposed change will reduce ambiguity in company law.,positive
231,Introduce exemptions for early-stage startups.,suggestion
232,Include sector-specific guidelines for better clarity.,suggestion
233,This draft is a welcome move and aligns with international best practices.,positive
234,This draft is forward-looking and progressive.,positive
235,Kindly provide examples to illustrate the practical application.,neutral
236,The provision will greatly benefit small and medium enterprises.,positive
237,Suggest reducing penalties for first-time non-compliance.,suggestion
238,The proposed change will reduce ambiguity in company law.,positive
239,It would be better to reduce filing frequency for SMEs.,suggestion
240,I strongly support this amendment as it simplifies corporate compliance.,positive
241,It would be better to reduce filing frequency for SMEs.,suggestion
242,The draft should include FAQs for common queries.,neutral
243,Request extension of the consultation period for wider participation.,neutral
244,This will improve transparency in financial disclosures.,positive
245,The draft does not mention implementation monitoring.,neutral
246,This amendment increases compliance costs for small businesses.,negative
247,Would like more data on international comparison of such amendments.,neutral
248,This proposal will create unnecessary hurdles for startups.,negative
249,The language used in the amendment is confusing and ambiguous.,negative
250,This will improve transparency in financial disclosures.,positive
251,Add a provision for online grievance redressal.,suggestion
252,Please explain the appeal process outlined in clause 3.,neutral
253,The proposed rules will streamline regulatory filings.,positive
254,I strongly support this amendment as it simplifies corporate compliance.,positive
255,Provide an option for electronic signatures.,suggestion
256,The language used in the amendment is confusing and ambiguous.,negative
257,This will improve transparency in financial disclosures.,positive
258,This will improve transparency in financial disclosures.,positive
259,The draft is too complex and difficult to interpret.,negative
260,The language used in the amendment is confusing and ambiguous.,negative
261,This draft is forward-looking and progressive.,positive
262,This proposal will create unnecessary hurdles for startups.,negative
263,Request extension of the consultation period for wider participation.,neutral
264,Suggest extending the implementation deadline by 6 months.,suggestion
265,Recommend simplification of reporting formats.,suggestion
266,Provide an option for electronic signatures.,suggestion
267,More clarification is needed on how clause 7 will be implemented.,neutral
268,This proposal will create unnecessary hurdles for startups.,negative
269,Include sector-specific guidelines for better clarity.,suggestion
270,Request extension of the consultation period for wider participation.,neutral
271,It would be better to reduce filing frequency for SMEs.,suggestion
272,Would like more data on international comparison of such amendments.,neutral
273,Recommend stakeholder workshops before finalizing the draft.,suggestion
274,The language used in the amendment is confusing and ambiguous.,negative
275,Provide an option for electronic signatures.,suggestion
276,This draft undermines ease of doing business in India.,negative
277,This draft is forward-looking and progressive.,positive
278,Include sector-specific guidelines for better clarity.,suggestion
279,This will improve transparency in financial disclosures.,positive
280,Provide an option for electronic signatures.,suggestion
281,Add a provision for online grievance redressal.,suggestion
282,Suggest reducing penalties for first-time non-compliance.,suggestion
283,This amendment increases compliance costs for small businesses.,negative
284,It would be better to reduce filing frequency for SMEs.,suggestion
285,Include sector-specific guidelines for better clarity.,suggestion
286,Good initiative — it reduces the burden of repetitive compliance.,positive
287,Suggest reducing penalties for first-time non-compliance.,suggestion
288,The language used in the amendment is confusing and ambiguous.,negative
289,Kindly provide examples to illustrate the practical application.,neutral
290,Please specify the definition of 'large enterprise' in this context.,neutral
291,I appreciate the clarity brought in clause 5 of the amendment.,positive
292,The draft ignores key stakeholder concerns.,negative
293,Include sector-specific guidelines for better clarity.,suggestion
294,This change is unnecessary and should be reconsidered.,negative
295,This will improve transparency in financial disclosures.,positive
296,Include sector-specific guidelines for better clarity.,suggestion
297,Suggest extending the implementation deadline by 6 months.,suggestion
298,This change is unnecessary and should be reconsidered.,negative
299,Suggest extending the implementation deadline by 6 months.,suggestion
300,Suggest reducing penalties for first-time non-compliance.,suggestion
301,The draft is clear but requires a detailed explanation of penalties.,neutral
302,The provision will greatly benefit small and medium enterprises.,positive
303,Would like more data on international comparison of such amendments.,neutral
304,The proposed change will reduce ambiguity in company law.,positive
305,This will discourage foreign investment due to added regulations.,negative
306,Consider including digital compliance mechanisms in the draft.,suggestion
307,The draft is clear but requires a detailed explanation of penalties.,neutral
308,This amendment increases compliance costs for small businesses.,negative
309,The proposed rules will streamline regulatory filings.,positive
310,Request extension of the consultation period for wider participation.,neutral
311,The draft does not mention implementation monitoring.,neutral
312,The amendment adds paperwork without solving real issues.,negative
313,The draft should include FAQs for common queries.,neutral
314,The provision will greatly benefit small and medium enterprises.,positive
315,The provision will greatly benefit small and medium enterprises.,positive
316,This will improve transparency in financial disclosures.,positive
317,The draft is too complex and difficult to interpret.,negative
318,Please explain the appeal process outlined in clause 3.,neutral
319,Introduce exemptions for early-stage startups.,suggestion
320,Add a provision for online grievance redressal.,suggestion
321,The draft should include FAQs for common queries.,neutral
322,This draft is forward-looking and progressive.,positive
323,It would be better to reduce filing frequency for SMEs.,suggestion
324,The language used in the amendment is confusing and ambiguous.,negative
325,The draft should include FAQs for common queries.,neutral
326,The proposed rules will streamline regulatory filings.,positive
327,This draft is forward-looking and progressive.,positive
328,This draft is forward-looking and progressive.,positive
329,This amendment increases compliance costs for small businesses.,negative
330,It would be better to reduce filing frequency for SMEs.,suggestion
331,Would like more data on international comparison of such amendments.,neutral
332,Please explain the appeal process outlined in clause 3.,neutral
333,This will discourage foreign investment due to added regulations.,negative
334,The proposed rules will streamline regulatory filings.,positive
335,The provision will greatly benefit small and medium enterprises.,positive
336,Include sector-specific guidelines for better clarity.,suggestion
337,The draft is clear but requires a detailed explanation of penalties.,neutral
338,This will discourage foreign investment due to added regulations.,negative
339,Please explain the appeal process outlined in clause 3.,neutral
340,The draft does not mention implementation monitoring.,neutral
341,The draft is too complex and difficult to interpret.,negative
342,This draft is a welcome move and aligns with international best practices.,positive
343,Good initiative — it reduces the burden of repetitive compliance.,positive
344,The amendment addresses long-standing issues in corporate governance.,positive
345,It would be better to reduce filing frequency for SMEs.,suggestion
346,Provide an option for electronic signatures.,suggestion
347,This draft is forward-looking and progressive.,positive
348,Unclear how this amendment interacts with previous circulars.,neutral
349,Suggest reducing penalties for first-time non-compliance.,suggestion
350,The draft is clear but requires a detailed explanation of penalties.,neutral
351,I strongly support this amendment as it simplifies corporate compliance.,positive
352,Recommend stakeholder workshops before finalizing the draft.,suggestion
353,Good initiative — it reduces the burden of repetitive compliance.,positive
354,The implementation timeline suggested is unrealistic.,negative
355,I appreciate the clarity brought in clause 5 of the amendment.,positive
356,The proposed rules will streamline regulatory filings.,positive
357,Suggest reducing penalties for first-time non-compliance.,suggestion
358,The language used in the amendment is confusing and ambiguous.,negative
359,It would be better to reduce filing frequency for SMEs.,suggestion
360,This draft is forward-looking and progressive.,positive
361,The draft ignores key stakeholder concerns.,negative
362,The language used in the amendment is confusing and ambiguous.,negative
363,Please specify the definition of 'large enterprise' in this context.,neutral
364,Please explain the appeal process outlined in clause 3.,neutral
365,The provision will greatly benefit small and medium enterprises.,positive
366,The draft ignores key stakeholder concerns.,negative
367,Good initiative — it reduces the burden of repetitive compliance.,positive
368,The draft is clear but requires a detailed explanation of penalties.,neutral
369,Recommend simplification of reporting formats.,suggestion
370,The implementation timeline suggested is unrealistic.,negative
371,Unclear how this amendment interacts with previous circulars.,neutral
372,Kindly provide examples to illustrate the practical application.,neutral
373,I strongly support this amendment as it simplifies corporate compliance.,positive
374,Suggest extending the implementation deadline by 6 months.,suggestion
375,Include sector-specific guidelines for better clarity.,suggestion
376,It would be better to reduce filing frequency for SMEs.,suggestion
377,This change is unnecessary and should be reconsidered.,negative
378,The proposed change will reduce ambiguity in company law.,positive
379,Include sector-specific guidelines for better clarity.,suggestion
380,This draft is a welcome move and aligns with international best practices.,positive
381,Unclear how this amendment interacts with previous circulars.,neutral
382,Include sector-specific guidelines for better clarity.,suggestion
383,The implementation timeline suggested is unrealistic.,negative
384,Add a provision for online grievance redressal.,suggestion
385,The implementation timeline suggested is unrealistic.,negative
386,This will discourage foreign investment due to added regulations.,negative
387,Unclear how this amendment interacts with previous circulars.,neutral
388,I strongly support this amendment as it simplifies corporate compliance.,positive
389,This amendment increases compliance costs for small businesses.,negative
390,Include sector-specific guidelines for better clarity.,suggestion
391,The draft is clear but requires a detailed explanation of penalties.,neutral
392,It would be better to reduce filing frequency for SMEs.,suggestion
393,The draft is too complex and difficult to interpret.,negative
394,The draft is too complex and difficult to interpret.,negative
395,Would like more data on international comparison of such amendments.,neutral
396,The draft ignores key stakeholder concerns.,negative
397,Introduce exemptions for early-stage startups.,suggestion
398,Consider including digital compliance mechanisms in the draft.,suggestion
399,The language used in the amendment is confusing and ambiguous.,negative
400,More clarification is needed on how clause 7 will be implemented.,neutral
401,Please explain the appeal process outlined in clause 3.,neutral
402,The language used in the amendment is confusing and ambiguous.,negative
403,The draft does not mention implementation monitoring.,neutral
404,The proposed change will reduce ambiguity in company law.,positive
405,Introduce exemptions for early-stage startups.,suggestion
406,This draft undermines ease of doing business in India.,negative
407,The draft does not mention implementation monitoring.,neutral
408,Unclear how this amendment interacts with previous circulars.,neutral
409,The draft should include FAQs for common queries.,neutral
410,The language used in the amendment is confusing and ambiguous.,negative
411,The proposed rules will streamline regulatory filings.,positive
412,Suggest reducing penalties for first-time non-compliance.,suggestion
413,The draft ignores key stakeholder concerns.,negative
414,The draft is clear but requires a detailed explanation of penalties.,neutral
415,Recommend simplification of reporting formats.,suggestion
416,Unclear how this amendment interacts with previous circulars.,neutral
417,Suggest reducing penalties for first-time non-compliance.,suggestion
418,This proposal will create unnecessary hurdles for startups.,negative
419,The draft ignores key stakeholder concerns.,negative
420,The draft is clear but requires a detailed explanation of penalties.,neutral
421,Include sector-specific guidelines for better clarity.,suggestion
422,This draft is a welcome move and aligns with international best practices.,positive
423,The draft is clear but requires a detailed explanation of penalties.,neutral
424,Recommend stakeholder workshops before finalizing the draft.,suggestion
425,Add a provision for online grievance redressal.,suggestion
426,More clarification is needed on how clause 7 will be implemented.,neutral
427,The proposed change will reduce ambiguity in company law.,positive
428,Recommend stakeholder workshops before finalizing the draft.,suggestion
429,This will discourage foreign investment due to added regulations.,negative
430,The amendment addresses long-standing issues in corporate governance.,positive
431,Provide an option for electronic signatures.,suggestion
432,Suggest reducing penalties for first-time non-compliance.,suggestion
433,Suggest extending the implementation deadline by 6 months.,suggestion
434,Consider including digital compliance mechanisms in the draft.,suggestion
435,This draft is forward-looking and progressive.,positive
436,This amendment increases compliance costs for small businesses.,negative
437,The language used in the amendment is confusing and ambiguous.,negative
438,The amendment adds paperwork without solving real issues.,negative
439,It would be better to reduce filing frequency for SMEs.,suggestion
440,The language used in the amendment is confusing and ambiguous.,negative
441,The proposed rules will streamline regulatory filings.,positive
442,Please specify the definition of 'large enterprise' in this context.,neutral
443,The draft is clear but requires a detailed explanation of penalties.,neutral
444,The draft should include FAQs for common queries.,neutral
445,More clarification is needed on how clause 7 will be implemented.,neutral
446,Introduce exemptions for early-stage startups.,suggestion
447,This change is unnecessary and should be reconsidered.,negative
448,Unclear how this amendment interacts with previous circulars.,neutral
449,The proposed rules will streamline regulatory filings.,positive
450,The provision will greatly benefit small and medium enterprises.,positive
451,I strongly support this amendment as it simplifies corporate compliance.,positive
452,Kindly provide examples to illustrate the practical application.,neutral
453,The provision will greatly benefit small and medium enterprises.,positive
454,The draft is clear but requires a detailed explanation of penalties.,neutral
455,Recommend simplification of reporting formats.,suggestion
456,The draft should include FAQs for common queries.,neutral
457,Recommend simplification of reporting formats.,suggestion
458,This will improve transparency in financial disclosures.,positive
459,Suggest extending the implementation deadline by 6 months.,suggestion
460,I appreciate the clarity brought in clause 5 of the amendment.,positive
461,Consider including digital compliance mechanisms in the draft.,suggestion
462,The language used in the amendment is confusing and ambiguous.,negative
463,The implementation timeline suggested is unrealistic.,negative
464,The amendment adds paperwork without solving real issues.,negative
465,Suggest extending the implementation deadline by 6 months.,suggestion
466,The draft is too complex and difficult to interpret.,negative
467,Please specify the definition of 'large enterprise' in this context.,neutral
468,The provision will greatly benefit small and medium enterprises.,positive
469,The draft is too complex and difficult to interpret.,negative
470,Recommend simplification of reporting formats.,suggestion
471,The amendment addresses long-standing issues in corporate governance.,positive
472,The provision will greatly benefit small and medium enterprises.,positive
473,Request extension of the consultation period for wider participation.,neutral
474,The draft is clear but requires a detailed explanation of penalties.,neutral
475,Recommend stakeholder workshops before finalizing the draft.,suggestion
476,Please specify the definition of 'large enterprise' in this context.,neutral
477,I strongly support this amendment as it simplifies corporate compliance.,positive
478,This draft is a welcome move and aligns with international best practices.,positive
479,Introduce exemptions for early-stage startups.,suggestion
480,Recommend simplification of reporting formats.,suggestion
481,The amendment addresses long-standing issues in corporate governance.,positive
482,The proposed rules will streamline regulatory filings.,positive
483,Recommend stakeholder workshops before finalizing the draft.,suggestion
484,Consider including digital compliance mechanisms in the draft.,suggestion
485,The proposed change will reduce ambiguity in company law.,positive
486,The amendment adds paperwork without solving real issues.,negative
487,Add a provision for online grievance redressal.,suggestion
488,It would be better to reduce filing frequency for SMEs.,suggestion
489,Good initiative — it reduces the burden of repetitive compliance.,positive
490,I appreciate the clarity brought in clause 5 of the amendment.,positive
491,Suggest extending the implementation deadline by 6 months.,suggestion
492,It would be better to reduce filing frequency for SMEs.,suggestion
493,Kindly provide examples to illustrate the practical application.,neutral
494,Please specify the definition of 'large enterprise' in this context.,neutral
495,This will discourage foreign investment due to added regulations.,negative
496,The draft ignores key stakeholder concerns.,negative
497,Good initiative — it reduces the burden of repetitive compliance.,positive
498,I strongly support this amendment as it simplifies corporate compliance.,positive
499,This draft is a welcome move and aligns with international best practices.,positive
500,The amendment adds paperwork without solving real issues.,negative
